index	frame_id	xray_file_base_name	photo_file_name	specimen_position_in_frame	field_id	individual_id	xray_preprocessor_name	xray_preprocessed	xray_cropped_individual	photo_processor_name	is_photo_rearranged_relative_to_xray	photo_cropped-scaled	landmarks_registering_photo_to_xray	photo_warped	xray_postprocessor_name	xray_accentuated-edges	xray_accentuated-skeleton	xray_overalayed_accentuated-edges-skeleton	xray_overlayed_on_warped_photo	notes_file_processing
1	1	sde_xray_001	20241211_113803.jpg	1	Sde-C-0111-E	Sde-CMat_107	Chris Bird	sde_xray_001_bckgrnd-despeck-inv-scaled.tif	sde_xray_001-1_Sde-CMat_107.tif	Chris Bird	no	sde_photo_001_crpd.tif	sde_xray_001_landmarks.csv	sde_photo_001_warped.tif	Chris Bird				sde_photo_001_warped-edges-skel-overlay.tif	
2	1	sde_xray_001	20241211_113803.jpg	2	NA	Sde-AMat_083	Chris Bird	sde_xray_001_bckgrnd-despeck-inv-scaled.tif	sde_xray_001-2_Sde-AMat_083.tif	Chris Bird	no	sde_photo_001_crpd.tif	sde_xray_001_landmarks.csv	sde_photo_001_warped.tif	Chris Bird				sde_photo_001_warped-edges-skel-overlay.tif	
3	1	sde_xray_001	20241211_113803.jpg	3	Sde-C-0122-E	Sde-CMat_118	Chris Bird	sde_xray_001_bckgrnd-despeck-inv-scaled.tif	sde_xray_001-3_Sde-CMat_118.tif	Chris Bird	no	sde_photo_001_crpd.tif	sde_xray_001_landmarks.csv	sde_photo_001_warped.tif	Chris Bird				sde_photo_001_warped-edges-skel-overlay.tif	
4	1	sde_xray_001	20241211_113803.jpg	4	NA	Sde-AMat_093	Chris Bird	sde_xray_001_bckgrnd-despeck-inv-scaled.tif	sde_xray_001-4_Sde-AMat_093.tif	Chris Bird	no	sde_photo_001_crpd.tif	sde_xray_001_landmarks.csv	sde_photo_001_warped.tif	Chris Bird				sde_photo_001_warped-edges-skel-overlay.tif	
5	2	sde_xray_002	20241211_115702.jpg	1	Sde-C-0132-E	Sde-CMat_128	Chris Bird	sde_xray_002_bckgrnd-despeck-inv-scaled.tif		Chris Bird	yes	sde_photo_002_crpd-scaled.tif	sde_xray_002-1_landmarks.csv							"because the fish and labels were rearranged after xray in the photo, only on fish can be registered per set of landmarks"
6	2	sde_xray_002	20241211_115702.jpg	2	NA	Sde-AMat_091	Chris Bird	sde_xray_002_bckgrnd-despeck-inv-scaled.tif		Chris Bird	yes	sde_photo_002_crpd-scaled.tif	sde_xray_002-2_landmarks.csv							"because the fish and labels were rearranged after xray in the photo, only on fish can be registered per set of landmarks"
7	2	sde_xray_002	20241211_115702.jpg	3	Sde-C-0136-E	Sde-CMat_132	Chris Bird	sde_xray_002_bckgrnd-despeck-inv-scaled.tif		Chris Bird	yes	sde_photo_002_crpd-scaled.tif	sde_xray_002-3_landmarks.csv							"because the fish and labels were rearranged after xray in the photo, only on fish can be registered per set of landmarks"
8	2	sde_xray_002	20241211_115702.jpg	4	NA	Sde-AMat_094	Chris Bird	sde_xray_002_bckgrnd-despeck-inv-scaled.tif		Chris Bird	yes	sde_photo_002_crpd-scaled.tif	sde_xray_002-4_landmarks.csv							"because the fish and labels were rearranged after xray in the photo, only on fish can be registered per set of landmarks"
9	3	sde_xray_003	20241211_125801.jpg	1	Sde-C-0127-E	Sde-CMat_123	Chris Bird	sde_xray_003_bckgrnd-despeck-inv-scaled.tif			no	sde_photo_003_cropped-scaled.tif	sde_landmarks_003.csv		Myron Baring					
10	3	sde_xray_003	20241211_125801.jpg	2	NA	Sde-AMat_088	Chris Bird	sde_xray_003_bckgrnd-despeck-inv-scaled.tif			no	sde_photo_003_cropped-scaled.tif	sde_landmarks_003.csv		Myron Baring					
11	3	sde_xray_003	20241211_125801.jpg	3	Sde-C-0105-E	Sde-CMat_101	Chris Bird	sde_xray_003_bckgrnd-despeck-inv-scaled.tif			no	sde_photo_003_cropped-scaled.tif	sde_landmarks_003.csv		Myron Baring					
12	3	sde_xray_003	20241211_125801.jpg	4	NA	Sde-AMat_095	Chris Bird	sde_xray_003_bckgrnd-despeck-inv-scaled.tif			no	sde_photo_003_crpd-scaled.tif	sde_landmarks_003.csv		Myron Baring					
13	4	sde_xray_004	20241211_130903.jpg	1	Sde-C-0126-E	Sde-CMat_122	Chris Bird	sde_xray_004_bckgrnd-despeck-inv-scaled.tif	sde_xray_004-1_Sde-CMat_122.tif	Chris Bird	labels only	sde_photo_004_cropped-scaled.tif								
14	4	sde_xray_004	20241211_130903.jpg	2	NA	Sde-AMat_087	Chris Bird	sde_xray_004_bckgrnd-despeck-inv-scaled.tif	sde_xray_004-2_Sde-AMat_087.tif	Chris Bird	labels only	sde_photo_004_cropped-scaled.tif								
15	4	sde_xray_004	20241211_130903.jpg	3	Sde-C-0109-E	Sde-CMat_105	Chris Bird	sde_xray_004_bckgrnd-despeck-inv-scaled.tif	sde_xray_004-3_Sde-CMat_105.tif	Chris Bird	labels only	sde_photo_004_cropped-scaled.tif								
16	4	sde_xray_004	20241211_130903.jpg	4	NA	Sde-AMat_092	Chris Bird	sde_xray_004_bckgrnd-despeck-inv-scaled.tif	sde_xray_004-4_Sde-AMat_092.tif	Chris Bird	labels only	sde_photo_004_cropped-scaled.tif								
17	5	sde_xray_005	20241211_131857.jpg	1	Sde-C-0142-E	Sde-CMat_138	Chris Bird	sde_xray_005_bckgrnd-despeck-inv-scaled.tif				sde_photo_005_cropped-scaled.tif								
18	5	sde_xray_005	20241211_131857.jpg	2	NA	Sde-AMat_086	Chris Bird	sde_xray_005_bckgrnd-despeck-inv-scaled.tif				sde_photo_005_cropped-scaled.tif								
19	5	sde_xray_005	20241211_131857.jpg	3	Sde-C-0130-E	Sde-CMat_126	Chris Bird	sde_xray_005_bckgrnd-despeck-inv-scaled.tif				sde_photo_005_cropped-scaled.tif								
20	5	sde_xray_005	20241211_131857.jpg	4	NA	Sde-AMat_084	Chris Bird	sde_xray_005_bckgrnd-despeck-inv-scaled.tif				sde_photo_005_cropped-scaled.tif								
21	6	sde_xray_006	20241211_133009.jpg	1	Sde-C-0141-E	Sde-CMat_137	Chris Bird	sde_xray_006_bckgrnd-despeck-inv-scaled.tif												
22	6	sde_xray_006	20241211_133009.jpg	2	NA	Sde-AMat_082	Chris Bird	sde_xray_006_bckgrnd-despeck-inv-scaled.tif												
23	6	sde_xray_006	20241211_133009.jpg	3	Sde-C-0102-E	Sde-CMat_098	Chris Bird	sde_xray_006_bckgrnd-despeck-inv-scaled.tif												
24	6	sde_xray_006	20241211_133009.jpg	4	NA	Sde-AMat_096	Chris Bird	sde_xray_006_bckgrnd-despeck-inv-scaled.tif												
25	7	sde_xray_007	20241211_133808.jpg	1	Sde-C-0131-E	Sde-CMat_127	Chris Bird	sde_xray_007_bckgrnd-despeck-inv-scaled.tif												
26	7	sde_xray_007	20241211_133808.jpg	2	NA	Sde-AMat_050	Chris Bird	sde_xray_007_bckgrnd-despeck-inv-scaled.tif												
27	7	sde_xray_007	20241211_133808.jpg	3	Sde-C-0107-E	Sde-CMat_103	Chris Bird	sde_xray_007_bckgrnd-despeck-inv-scaled.tif												
28	7	sde_xray_007	20241211_133808.jpg	4	NA	Sde-AMat_085	Chris Bird	sde_xray_007_bckgrnd-despeck-inv-scaled.tif												
29	8	sde_xray_008	20241211_134542.jpg	1	Sde-C-0129-E	Sde-CMat_125	Chris Bird	sde_xray_008_bckgrnd-despeck-inv-scaled.tif												
30	8	sde_xray_008	20241211_134542.jpg	2	NA	Sde-AMat_074	Chris Bird	sde_xray_008_bckgrnd-despeck-inv-scaled.tif												
31	8	sde_xray_008	20241211_134542.jpg	3	Sde-C-0148-E	Sde-CMat_144	Chris Bird	sde_xray_008_bckgrnd-despeck-inv-scaled.tif												
32	8	sde_xray_008	20241211_134542.jpg	4	NA	Sde-AMat_089	Chris Bird	sde_xray_008_bckgrnd-despeck-inv-scaled.tif												
33	9	sde_xray_009	20241211_135358.jpg	1	Sde-C-0128-E	Sde-CMat_124	Chris Bird	sde_xray_009_bckgrnd-despeck-inv-scaled.tif												
34	9	sde_xray_009	20241211_135358.jpg	2	NA	Sde-AMat_063	Chris Bird	sde_xray_009_bckgrnd-despeck-inv-scaled.tif												
35	9	sde_xray_009	20241211_135358.jpg	3	Sde-C-0138-E	Sde-CMat_134	Chris Bird	sde_xray_009_bckgrnd-despeck-inv-scaled.tif												
36	9	sde_xray_009	20241211_135358.jpg	4	NA	Sde-AMat_075	Chris Bird	sde_xray_009_bckgrnd-despeck-inv-scaled.tif												
37	10	sde_xray_010	20241211_135928.jpg	1	Sde-C-0139-E	Sde-CMat_135	Chris Bird	sde_xray_010_bckgrnd-despeck-inv-scaled.tif												
38	10	sde_xray_010	20241211_135928.jpg	2	NA	Sde-AMat_064	Chris Bird	sde_xray_010_bckgrnd-despeck-inv-scaled.tif												
39	10	sde_xray_010	20241211_135928.jpg	3	Sde-C-0149-E	Sde-CMat_145	Chris Bird	sde_xray_010_bckgrnd-despeck-inv-scaled.tif												
40	10	sde_xray_010	20241211_135928.jpg	4	NA	Sde-AMat_065	Chris Bird	sde_xray_010_bckgrnd-despeck-inv-scaled.tif												
41	11	sde_xray_011	20241211_140915.jpg	1	Sde-C-0125-E	Sde-CMat_121	Chris Bird	sde_xray_011_bckgrnd-despeck-inv-scaled.tif												
42	11	sde_xray_011	20241211_140915.jpg	2	NA	Sde-AMat_067	Chris Bird	sde_xray_011_bckgrnd-despeck-inv-scaled.tif												
43	11	sde_xray_011	20241211_140915.jpg	3	Sde-C-0120-E	Sde-CMat_116	Chris Bird	sde_xray_011_bckgrnd-despeck-inv-scaled.tif												
44	11	sde_xray_011	20241211_140915.jpg	4	NA	Sde-AMat_080	Chris Bird	sde_xray_011_bckgrnd-despeck-inv-scaled.tif												
45	12	sde_xray_012	20241211_141935.jpg	1	Sde-C-0113-E	Sde-CMat_109	Chris Bird	sde_xray_012_bckgrnd-despeck-inv-scaled.tif												
46	12	sde_xray_012	20241211_141935.jpg	2	NA	Sde-AMat_068	Chris Bird	sde_xray_012_bckgrnd-despeck-inv-scaled.tif												
47	12	sde_xray_012	20241211_141935.jpg	3	Sde-C-0135-E	Sde-CMat_131	Chris Bird	sde_xray_012_bckgrnd-despeck-inv-scaled.tif												
48	12	sde_xray_012	20241211_141935.jpg	4	NA	Sde-AMat_051	Chris Bird	sde_xray_012_bckgrnd-despeck-inv-scaled.tif												
49	13	sde_xray_013	20241211_142635.jpg	1	Sde-C-0143-E	Sde-CMat_139	Chris Bird	sde_xray_013_bckgrnd-despeck-inv-scaled.tif												
50	13	sde_xray_013	20241211_142635.jpg	2	NA	Sde-AMat_052	Chris Bird	sde_xray_013_bckgrnd-despeck-inv-scaled.tif												
51	13	sde_xray_013	20241211_142635.jpg	3	Sde-C-0121-E	Sde-CMat_117	Chris Bird	sde_xray_013_bckgrnd-despeck-inv-scaled.tif												
52	13	sde_xray_013	20241211_142635.jpg	4	NA	Sde-AMat_076	Chris Bird	sde_xray_013_bckgrnd-despeck-inv-scaled.tif												
53	14	sde_xray_014	20241211_143322.jpg	1	Sde-C-0117-E	Sde-CMat_113	Chris Bird	sde_xray_014_bckgrnd-despeck-inv-scaled.tif												
54	14	sde_xray_014	20241211_143322.jpg	2	NA	Sde-AMat_079	Chris Bird	sde_xray_014_bckgrnd-despeck-inv-scaled.tif												
55	14	sde_xray_014	20241211_143322.jpg	3	Sde-C-0104-E	Sde-CMat_100	Chris Bird	sde_xray_014_bckgrnd-despeck-inv-scaled.tif												
56	14	sde_xray_014	20241211_143322.jpg	4	NA	Sde-AMat_069	Chris Bird	sde_xray_014_bckgrnd-despeck-inv-scaled.tif												
57	15	sde_xray_015	20241211_144030.jpg	1	Sde-C-0101-E	Sde-CMat_097	Chris Bird	sde_xray_015_bckgrnd-despeck-inv-scaled.tif												
58	15	sde_xray_015	20241211_144030.jpg	2	NA	Sde-AMat_054	Chris Bird	sde_xray_015_bckgrnd-despeck-inv-scaled.tif												
59	15	sde_xray_015	20241211_144030.jpg	3	Sde-C-0140-E	Sde-CMat_136	Chris Bird	sde_xray_015_bckgrnd-despeck-inv-scaled.tif												
60	15	sde_xray_015	20241211_144030.jpg	4	NA	Sde-AMat_053	Chris Bird	sde_xray_015_bckgrnd-despeck-inv-scaled.tif												
61	16	sde_xray_016	20241211_145136.jpg	1	Sde-C-0147-E	Sde-CMat_143	Chris Bird	sde_xray_016_bckgrnd-despeck-inv-scaled.tif												
62	16	sde_xray_016	20241211_145136.jpg	2	NA	Sde-AMat_070	Chris Bird	sde_xray_016_bckgrnd-despeck-inv-scaled.tif												
63	16	sde_xray_016	20241211_145136.jpg	3	Sde-C-0144-E	Sde-CMat_140	Chris Bird	sde_xray_016_bckgrnd-despeck-inv-scaled.tif												
64	16	sde_xray_016	20241211_145136.jpg	4	NA	Sde-AMat_078	Chris Bird	sde_xray_016_bckgrnd-despeck-inv-scaled.tif												
65	17	sde_xray_017	20241211_150003.jpg	1	Sde-C-0114-E	Sde-CMat_110	Chris Bird	sde_xray_017_bckgrnd-despeck-inv-scaled.tif												
66	17	sde_xray_017	20241211_150003.jpg	2	NA	Sde-AMat_049	Chris Bird	sde_xray_017_bckgrnd-despeck-inv-scaled.tif												
67	17	sde_xray_017	20241211_150003.jpg	3	Sde-C-0150-E	Sde-CMat_146	Chris Bird	sde_xray_017_bckgrnd-despeck-inv-scaled.tif												
68	17	sde_xray_017	20241211_150003.jpg	4	NA	Sde-AMat_066	Chris Bird	sde_xray_017_bckgrnd-despeck-inv-scaled.tif												
69	18	sde_xray_018	20241211_150553.jpg	1	Sde-C-0112-E	Sde-CMat_108	Chris Bird	sde_xray_018_bckgrnd-despeck-inv-scaled.tif												
70	18	sde_xray_018	20241211_150553.jpg	2	NA	Sde-AMat_062	Chris Bird	sde_xray_018_bckgrnd-despeck-inv-scaled.tif												
71	18	sde_xray_018	20241211_150553.jpg	3	Sde-C-0137-E	Sde-CMat_133	Chris Bird	sde_xray_018_bckgrnd-despeck-inv-scaled.tif												
72	18	sde_xray_018	20241211_150553.jpg	4	NA	Sde-AMat_073	Chris Bird	sde_xray_018_bckgrnd-despeck-inv-scaled.tif												
73	19	sde_xray_019	20241211_151123.jpg	1	Sde-C-0123-E	Sde-CMat_119	Chris Bird	sde_xray_019_bckgrnd-despeck-inv-scaled.tif												
74	19	sde_xray_019	20241211_151123.jpg	2	NA	Sde-AMat_090	Chris Bird	sde_xray_019_bckgrnd-despeck-inv-scaled.tif												
75	19	sde_xray_019	20241211_151123.jpg	3	Sde-C-0110-E	Sde-CMat_106	Chris Bird	sde_xray_019_bckgrnd-despeck-inv-scaled.tif												
76	19	sde_xray_019	20241211_151123.jpg	4	NA	Sde-AMat_061	Chris Bird	sde_xray_019_bckgrnd-despeck-inv-scaled.tif												
77	20	sde_xray_020	20241211_151552.jpg	1	Sde-C-0108-E	Sde-CMat_104	Chris Bird	sde_xray_020_bckgrnd-despeck-inv-scaled.tif	sde_xray_020-1_Sde-CMat_104.tif	Myron Baring										
78	20	sde_xray_020	20241211_151552.jpg	2	NA	Sde-AMat_077	Chris Bird	sde_xray_020_bckgrnd-despeck-inv-scaled.tif	sde_xray_020-2_Sde-AMat_077.tif	Myron Baring										
79	20	sde_xray_020	20241211_151552.jpg	3	Sde-C-0115-E	Sde-CMat_111	Chris Bird	sde_xray_020_bckgrnd-despeck-inv-scaled.tif	sde_xray_020-3_Sde-CMat_111.tif	Myron Baring										
80	20	sde_xray_020	20241211_151552.jpg	4	NA	Sde-AMat_081	Chris Bird	sde_xray_020_bckgrnd-despeck-inv-scaled.tif	sde_xray_020-4_Sde-AMat_081.tif	Myron Baring										
81	21	sde_xray_021	20241211_152054.jpg	1	Sde-C-0103-E	Sde-CMat_099	Chris Bird	sde_xray_021_bckgrnd-despeck-inv-scaled.tif												
82	21	sde_xray_021	20241211_152054.jpg	2	NA	Sde-AMat_071	Chris Bird	sde_xray_021_bckgrnd-despeck-inv-scaled.tif												
83	21	sde_xray_021	20241211_152054.jpg	3	Sde-C-0116-E	Sde-CMat_112	Chris Bird	sde_xray_021_bckgrnd-despeck-inv-scaled.tif												
84	21	sde_xray_021	20241211_152054.jpg	4	NA	Sde-AMat_060	Chris Bird	sde_xray_021_bckgrnd-despeck-inv-scaled.tif												
85	22	sde_xray_022	20241211_152521.jpg	1	Sde-C-0106-E	Sde-CMat_102	Chris Bird	sde_xray_022_bckgrnd-despeck-inv-scaled.tif												
86	22	sde_xray_022	20241211_152521.jpg	2	NA	Sde-AMat_056	Chris Bird	sde_xray_022_bckgrnd-despeck-inv-scaled.tif												
87	22	sde_xray_022	20241211_152521.jpg	3	Sde-C-0119-E	Sde-CMat_115	Chris Bird	sde_xray_022_bckgrnd-despeck-inv-scaled.tif												
88	22	sde_xray_022	20241211_152521.jpg	4	NA	Sde-AMat_055	Chris Bird	sde_xray_022_bckgrnd-despeck-inv-scaled.tif												
89	23	sde_xray_023	20241211_153011.jpg	1	Sde-C-0118-E	Sde-CMat_114	Chris Bird	sde_xray_023_bckgrnd-despeck-inv-scaled.tif												
90	23	sde_xray_023	20241211_153011.jpg	2	NA	Sde-AMat_058	Chris Bird	sde_xray_023_bckgrnd-despeck-inv-scaled.tif												
91	23	sde_xray_023	20241211_153011.jpg	3	Sde-C-0145-E	Sde-CMat_141	Chris Bird	sde_xray_023_bckgrnd-despeck-inv-scaled.tif												
92	23	sde_xray_023	20241211_153011.jpg	4	NA	Sde-AMat_057	Chris Bird	sde_xray_023_bckgrnd-despeck-inv-scaled.tif												
93	24	sde_xray_024	20241211_153446.jpg	1	Sde-C-0134-E	Sde-CMat_130	Chris Bird	sde_xray_024_bckgrnd-despeck-inv-scaled.tif												
94	24	sde_xray_024	20241211_153446.jpg	2	NA	Sde-AMat_059	Chris Bird	sde_xray_024_bckgrnd-despeck-inv-scaled.tif												
95	24	sde_xray_024	20241211_153446.jpg	3	Sde-C-0133-E	Sde-CMat_129	Chris Bird	sde_xray_024_bckgrnd-despeck-inv-scaled.tif												
96	24	sde_xray_024	20241211_153446.jpg	4	NA	Sde-AMat_072	Chris Bird	sde_xray_024_bckgrnd-despeck-inv-scaled.tif												
97	25	sde_xray_025	20241211_154232.jpg	1	Sde-C-0124-E	Sde-CMat_120	Chris Bird	sde_xray_025_bckgrnd-despeck-inv-scaled.tif												
98	25	sde_xray_025	20241211_154232.jpg	2	NA	Sde-AMat_004	Chris Bird	sde_xray_025_bckgrnd-despeck-inv-scaled.tif												
99	25	sde_xray_025	20241211_154232.jpg	3	Sde-C-0146-E	Sde-CMat_142	Chris Bird	sde_xray_025_bckgrnd-despeck-inv-scaled.tif												
100	25	sde_xray_025	20241211_154232.jpg	4	NA	Sde-AMat_036	Chris Bird	sde_xray_025_bckgrnd-despeck-inv-scaled.tif												
101	26	sde_xray_026	20241211_155102.jpg	1	Sde-C-0204-E	Sde-CMat_200	Chris Bird	sde_xray_026_bckgrnd-despeck-inv-scaled.tif												
102	26	sde_xray_026	20241211_155102.jpg	2	NA	Sde-AMat_018	Chris Bird	sde_xray_026_bckgrnd-despeck-inv-scaled.tif												
103	26	sde_xray_026	20241211_155102.jpg	3	Sde-C-0175-E	Sde-CMat_171	Chris Bird	sde_xray_026_bckgrnd-despeck-inv-scaled.tif												
104	26	sde_xray_026	20241211_155102.jpg	4	NA	Sde-AMat_040	Chris Bird	sde_xray_026_bckgrnd-despeck-inv-scaled.tif												
105	27	sde_xray_027	20241211_155704.jpg	1	Sde-C-0171-E	Sde-CMat_167	Chris Bird	sde_xray_027_bckgrnd-despeck-inv-scaled.tif												
106	27	sde_xray_027	20241211_155704.jpg	2	NA	Sde-AMat_037	Chris Bird	sde_xray_027_bckgrnd-despeck-inv-scaled.tif												
107	27	sde_xray_027	20241211_155704.jpg	3	Sde-C-0197-E	Sde-CMat_193	Chris Bird	sde_xray_027_bckgrnd-despeck-inv-scaled.tif												
108	27	sde_xray_027	20241211_155704.jpg	4	NA	Sde-AMat_032	Chris Bird	sde_xray_027_bckgrnd-despeck-inv-scaled.tif												
109	28	sde_xray_028	20241211_160354.jpg	1	Sde-C-0161-E	Sde-CMat_157	Chris Bird	sde_xray_028_bckgrnd-despeck-inv-scaled.tif												
110	28	sde_xray_028	20241211_160354.jpg	2	NA	Sde-AMat_030	Chris Bird	sde_xray_028_bckgrnd-despeck-inv-scaled.tif												
111	28	sde_xray_028	20241211_160354.jpg	3	Sde-C-0195-E	Sde-CMat_191	Chris Bird	sde_xray_028_bckgrnd-despeck-inv-scaled.tif												
112	28	sde_xray_028	20241211_160354.jpg	4	NA	Sde-AMat_003	Chris Bird	sde_xray_028_bckgrnd-despeck-inv-scaled.tif												
113	29	sde_xray_029	20241211_161133.jpg	1	Sde-C-0202-E	Sde-CMat_198	Chris Bird	sde_xray_029_bckgrnd-despeck-inv-scaled.tif												
114	29	sde_xray_029	20241211_161133.jpg	2	NA	Sde-AMat_023	Chris Bird	sde_xray_029_bckgrnd-despeck-inv-scaled.tif												
115	29	sde_xray_029	20241211_161133.jpg	3	Sde-C-0184-E	Sde-CMat_180	Chris Bird	sde_xray_029_bckgrnd-despeck-inv-scaled.tif												
116	29	sde_xray_029	20241211_161133.jpg	4	NA	Sde-AMat_007	Chris Bird	sde_xray_029_bckgrnd-despeck-inv-scaled.tif												
117	30	sde_xray_030	20241211_161646.jpg	1	Sde-C-0170-E	Sde-CMat_166	Chris Bird	sde_xray_030_bckgrnd-despeck-inv-scaled.tif												
118	30	sde_xray_030	20241211_161646.jpg	2	NA	Sde-AMat_024	Chris Bird	sde_xray_030_bckgrnd-despeck-inv-scaled.tif												
119	30	sde_xray_030	20241211_161646.jpg	3	Sde-C-0172-E	Sde-CMat_168	Chris Bird	sde_xray_030_bckgrnd-despeck-inv-scaled.tif												
120	30	sde_xray_030	20241211_161646.jpg	4	NA	Sde-AMat_039	Chris Bird	sde_xray_030_bckgrnd-despeck-inv-scaled.tif												
121	31	sde_xray_031	20241211_162529.jpg	1	Sde-C-0201-E	Sde-CMat_197	Chris Bird	sde_xray_031_bckgrnd-despeck-inv-scaled.tif												
122	31	sde_xray_031	20241211_162529.jpg	2	NA	Sde-AMat_046	Chris Bird	sde_xray_031_bckgrnd-despeck-inv-scaled.tif												
123	31	sde_xray_031	20241211_162529.jpg	3	Sde-C-0203-E	Sde-CMat_199	Chris Bird	sde_xray_031_bckgrnd-despeck-inv-scaled.tif												
124	31	sde_xray_031	20241211_162529.jpg	4	NA	Sde-AMat_006	Chris Bird	sde_xray_031_bckgrnd-despeck-inv-scaled.tif												
125	32	sde_xray_032	20241211_163134.jpg	1	Sde-C-0183-E	Sde-CMat_179	Chris Bird	sde_xray_032_bckgrnd-despeck-inv-scaled.tif												
126	32	sde_xray_032	20241211_163134.jpg	2	NA	Sde-AMat_013	Chris Bird	sde_xray_032_bckgrnd-despeck-inv-scaled.tif												
127	32	sde_xray_032	20241211_163134.jpg	3	Sde-C-0198-E	Sde-CMat_194	Chris Bird	sde_xray_032_bckgrnd-despeck-inv-scaled.tif												
128	32	sde_xray_032	20241211_163134.jpg	4	NA	Sde-AMat_025	Chris Bird	sde_xray_032_bckgrnd-despeck-inv-scaled.tif												
129	33	sde_xray_033	20241211_164023.jpg	1	Sde-C-0157-E	Sde-CMat_153	Chris Bird	sde_xray_033_bckgrnd-despeck-inv-scaled.tif												
130	33	sde_xray_033	20241211_164023.jpg	2	NA	Sde-AMat_045	Chris Bird	sde_xray_033_bckgrnd-despeck-inv-scaled.tif												
131	33	sde_xray_033	20241211_164023.jpg	3	Sde-C-0178-E	Sde-CMat_174	Chris Bird	sde_xray_033_bckgrnd-despeck-inv-scaled.tif												
132	33	sde_xray_033	20241211_164023.jpg	4	NA	Sde-AMat_041	Chris Bird	sde_xray_033_bckgrnd-despeck-inv-scaled.tif												
133	34	sde_xray_034	20241211_164550.jpg	1	Sde-C-0160-E	Sde-CMat_156	Chris Bird	sde_xray_034_bckgrnd-despeck-inv-scaled.tif												
134	34	sde_xray_034	20241211_164550.jpg	2	NA	Sde-AMat_021	Chris Bird	sde_xray_034_bckgrnd-despeck-inv-scaled.tif												
135	34	sde_xray_034	20241211_164550.jpg	3	Sde-C-0155-E	Sde-CMat_151	Chris Bird	sde_xray_034_bckgrnd-despeck-inv-scaled.tif												
136	34	sde_xray_034	20241211_164550.jpg	4	NA	Sde-AMat_009	Chris Bird	sde_xray_034_bckgrnd-despeck-inv-scaled.tif												
137	35	sde_xray_035	20241211_165118.jpg	1	Sde-C-0173-E	Sde-CMat_169	Chris Bird	sde_xray_035_bckgrnd-despeck-inv-scaled.tif												
138	35	sde_xray_035	20241211_165118.jpg	2	NA	Sde-AMat_034	Chris Bird	sde_xray_035_bckgrnd-despeck-inv-scaled.tif												
139	35	sde_xray_035	20241211_165118.jpg	3	Sde-C-0168-E	Sde-CMat_164	Chris Bird	sde_xray_035_bckgrnd-despeck-inv-scaled.tif												
140	35	sde_xray_035	20241211_165118.jpg	4	NA	Sde-AMat_031	Chris Bird	sde_xray_035_bckgrnd-despeck-inv-scaled.tif												
141	36	sde_xray_036	20241211_165633.jpg	1	Sde-C-0186-E	Sde-CMat_182	Chris Bird	sde_xray_036_bckgrnd-despeck-inv-scaled.tif												
142	36	sde_xray_036	20241211_165633.jpg	2	NA	Sde-AMat_019	Chris Bird	sde_xray_036_bckgrnd-despeck-inv-scaled.tif												
143	36	sde_xray_036	20241211_165633.jpg	3	Sde-C-0162-E	Sde-CMat_158	Chris Bird	sde_xray_036_bckgrnd-despeck-inv-scaled.tif												
144	36	sde_xray_036	20241211_165633.jpg	4	NA	Sde-AMat_002	Chris Bird	sde_xray_036_bckgrnd-despeck-inv-scaled.tif												
145	37	sde_xray_037	20241211_170120.jpg	1	Sde-C-0188-E	Sde-CMat_184	Chris Bird	sde_xray_037_bckgrnd-despeck-inv-scaled.tif												
146	37	sde_xray_037	20241211_170120.jpg	2	NA	Sde-AMat_008	Chris Bird	sde_xray_037_bckgrnd-despeck-inv-scaled.tif												
147	37	sde_xray_037	20241211_170120.jpg	3	Sde-C-0196-E	Sde-CMat_192	Chris Bird	sde_xray_037_bckgrnd-despeck-inv-scaled.tif												
148	37	sde_xray_037	20241211_170120.jpg	4	NA	Sde-AMat_010	Chris Bird	sde_xray_037_bckgrnd-despeck-inv-scaled.tif												
149	38	sde_xray_038	20241211_170547.jpg	1	Sde-C-0169-E	Sde-CMat_165	Chris Bird	sde_xray_038_bckgrnd-despeck-inv-scaled.tif												
150	38	sde_xray_038	20241211_170547.jpg	2	NA	Sde-AMat_001	Chris Bird	sde_xray_038_bckgrnd-despeck-inv-scaled.tif												
151	38	sde_xray_038	20241211_170547.jpg	3	Sde-C-0199-E	Sde-CMat_195	Chris Bird	sde_xray_038_bckgrnd-despeck-inv-scaled.tif												
152	38	sde_xray_038	20241211_170547.jpg	4	NA	Sde-AMat_017	Chris Bird	sde_xray_038_bckgrnd-despeck-inv-scaled.tif												
153	39	sde_xray_039	20241211_171500.jpg	1	Sde-C-0156-E	Sde-CMat_152	Chris Bird	sde_xray_039_bckgrnd-despeck-inv-scaled.tif												
154	39	sde_xray_039	20241211_171500.jpg	2	NA	Sde-AMat_012	Chris Bird	sde_xray_039_bckgrnd-despeck-inv-scaled.tif												
155	39	sde_xray_039	20241211_171500.jpg	3	Sde-C-0182-E	Sde-CMat_178	Chris Bird	sde_xray_039_bckgrnd-despeck-inv-scaled.tif												
156	39	sde_xray_039	20241211_171500.jpg	4	NA	Sde-AMat_016	Chris Bird	sde_xray_039_bckgrnd-despeck-inv-scaled.tif												
157	40	sde_xray_040	20241211_172022.jpg	1	Sde-C-0153-E	Sde-CMat_149	Chris Bird	sde_xray_040_bckgrnd-despeck-inv-scaled.tif												
158	40	sde_xray_040	20241211_172022.jpg	2	NA	Sde-AMat_020	Chris Bird	sde_xray_040_bckgrnd-despeck-inv-scaled.tif												
159	40	sde_xray_040	20241211_172022.jpg	3	Sde-C-0191-E	Sde-CMat_187	Chris Bird	sde_xray_040_bckgrnd-despeck-inv-scaled.tif												
160	40	sde_xray_040	20241211_172022.jpg	4	NA	Sde-AMat_022	Chris Bird	sde_xray_040_bckgrnd-despeck-inv-scaled.tif												
161	41	sde_xray_041	20241212_095521.jpg	1	Sde-C-0181-E	Sde-CMat_177	Chris Bird	sde_xray_041_bckgrnd-despeck-inv-scaled.tif												
162	41	sde_xray_041	20241212_095521.jpg	2	NA	Sde-AMat_026	Chris Bird	sde_xray_041_bckgrnd-despeck-inv-scaled.tif												
163	41	sde_xray_041	20241212_095521.jpg	3	Sde-C-0200-E	Sde-CMat_196	Chris Bird	sde_xray_041_bckgrnd-despeck-inv-scaled.tif												
164	41	sde_xray_041	20241212_095521.jpg	4	NA	Sde-AMat_038	Chris Bird	sde_xray_041_bckgrnd-despeck-inv-scaled.tif												
165	42	sde_xray_042	20241212_100212.jpg	1	Sde-C-0205-E	Sde-CMat_201	Chris Bird	sde_xray_042_bckgrnd-despeck-inv-scaled.tif												
166	42	sde_xray_042	20241212_100212.jpg	2	NA	Sde-AMat_027	Chris Bird	sde_xray_042_bckgrnd-despeck-inv-scaled.tif												
167	42	sde_xray_042	20241212_100212.jpg	3	Sde-C-0179-E	Sde-CMat_175	Chris Bird	sde_xray_042_bckgrnd-despeck-inv-scaled.tif												
168	42	sde_xray_042	20241212_100212.jpg	4	NA	Sde-AMat_005	Chris Bird	sde_xray_042_bckgrnd-despeck-inv-scaled.tif												
169	43	sde_xray_043	20241212_101135.jpg	1	Sde-C-0194-E	Sde-CMat_190	Chris Bird	sde_xray_043_bckgrnd-despeck-inv-scaled.tif												
170	43	sde_xray_043	20241212_101135.jpg	2	NA	Sde-AMat_015	Chris Bird	sde_xray_043_bckgrnd-despeck-inv-scaled.tif												
171	43	sde_xray_043	20241212_101135.jpg	3	Sde-C-0151-E	Sde-CMat_147	Chris Bird	sde_xray_043_bckgrnd-despeck-inv-scaled.tif												
172	43	sde_xray_043	20241212_101135.jpg	4	NA	Sde-AMat_043	Chris Bird	sde_xray_043_bckgrnd-despeck-inv-scaled.tif												
173	44	sde_xray_044	20241212_103103.jpg	1	Sde-C-0185-E	Sde-CMat_181	Chris Bird	sde_xray_044_bckgrnd-despeck-inv-scaled.tif												
174	44	sde_xray_044	20241212_103103.jpg	2	NA	Sde-AMat_028	Chris Bird	sde_xray_044_bckgrnd-despeck-inv-scaled.tif												
175	44	sde_xray_044	20241212_103103.jpg	3	Sde-C-0159-E	Sde-CMat_155	Chris Bird	sde_xray_044_bckgrnd-despeck-inv-scaled.tif												
176	44	sde_xray_044	20241212_103103.jpg	4	NA	Sde-AMat_029	Chris Bird	sde_xray_044_bckgrnd-despeck-inv-scaled.tif												
177	45	sde_xray_045	20241212_103600.jpg	1	Sde-C-0154-E	Sde-CMat_150	Chris Bird	sde_xray_045_bckgrnd-despeck-inv-scaled.tif												
178	45	sde_xray_045	20241212_103600.jpg	2	NA	Sde-AMat_035	Chris Bird	sde_xray_045_bckgrnd-despeck-inv-scaled.tif												
179	45	sde_xray_045	20241212_103600.jpg	3	Sde-C-0174-E	Sde-CMat_170	Chris Bird	sde_xray_045_bckgrnd-despeck-inv-scaled.tif												
180	45	sde_xray_045	20241212_103600.jpg	4	NA	Sde-AMat_014	Chris Bird	sde_xray_045_bckgrnd-despeck-inv-scaled.tif												
181	46	sde_xray_046	20241212_104511.jpg	1	Sde-C-0193-E	Sde-CMat_189	Chris Bird	sde_xray_046_bckgrnd-despeck-inv-scaled.tif												
182	46	sde_xray_046	20241212_104511.jpg	2	NA	Sde-AMat_011	Chris Bird	sde_xray_046_bckgrnd-despeck-inv-scaled.tif												
183	46	sde_xray_046	20241212_104511.jpg	3	Sde-C-0177-E	Sde-CMat_173	Chris Bird	sde_xray_046_bckgrnd-despeck-inv-scaled.tif												
184	46	sde_xray_046	20241212_104511.jpg	4	NA	Sde-AMat_042	Chris Bird	sde_xray_046_bckgrnd-despeck-inv-scaled.tif												
185	47	sde_xray_047	20241212_104904.jpg	1	Sde-C-0192-E	Sde-CMat_188	Chris Bird	sde_xray_047_bckgrnd-despeck-inv-scaled.tif												
186	47	sde_xray_047	20241212_104904.jpg	2	NA	Sde-AMat_047	Chris Bird	sde_xray_047_bckgrnd-despeck-inv-scaled.tif												
187	47	sde_xray_047	20241212_104904.jpg	3	Sde-C-0189-E	Sde-CMat_185	Chris Bird	sde_xray_047_bckgrnd-despeck-inv-scaled.tif												
188	47	sde_xray_047	20241212_104904.jpg	4	NA	Sde-AMat_033	Chris Bird	sde_xray_047_bckgrnd-despeck-inv-scaled.tif												
189	48	sde_xray_048	20241212_105325.jpg	1	Sde-C-0187-E	Sde-CMat_183	Chris Bird	sde_xray_048_bckgrnd-despeck-inv-scaled.tif												
190	48	sde_xray_048	20241212_105325.jpg	2	NA	Sde-AMat_048	Chris Bird	sde_xray_048_bckgrnd-despeck-inv-scaled.tif												
191	48	sde_xray_048	20241212_105325.jpg	3	Sde-C-0165-E	Sde-CMat_161	Chris Bird	sde_xray_048_bckgrnd-despeck-inv-scaled.tif												
192	48	sde_xray_048	20241212_105325.jpg	4	NA	Sde-AMat_044	Chris Bird	sde_xray_048_bckgrnd-despeck-inv-scaled.tif												
193	49	sde_xray_049	20241212_105941.jpg	1	Sde-C-0152-E	Sde-CMat_148	Chris Bird	sde_xray_049_bckgrnd-despeck-inv-scaled.tif												
194	49	sde_xray_049	20241212_105941.jpg	2	Sde-C-0166-E	Sde-CMat_162	Chris Bird	sde_xray_049_bckgrnd-despeck-inv-scaled.tif												
195	49	sde_xray_049	20241212_105941.jpg	3	Sde-C-0163-E	Sde-CMat_159	Chris Bird	sde_xray_049_bckgrnd-despeck-inv-scaled.tif												
196	49	sde_xray_049	20241212_105941.jpg	4	Sde-C-0167-E	Sde-CMat_163	Chris Bird	sde_xray_049_bckgrnd-despeck-inv-scaled.tif												
197	50	sde_xray_050	20241212_110448.jpg	1	Sde-C-0190-E	Sde-CMat_186	Chris Bird	sde_xray_050_bckgrnd-despeck-inv-scaled.tif												
198	50	sde_xray_050	20241212_110448.jpg	2	Sde-C-0164-E	Sde-CMat_160	Chris Bird	sde_xray_050_bckgrnd-despeck-inv-scaled.tif												
199	50	sde_xray_050	20241212_110448.jpg	3	Sde-C-0158-E	Sde-CMat_154	Chris Bird	sde_xray_050_bckgrnd-despeck-inv-scaled.tif												
200	50	sde_xray_050	20241212_110448.jpg	4	Sde-C-0180-E	Sde-CMat_176	Chris Bird	sde_xray_050_bckgrnd-despeck-inv-scaled.tif												
201	51	sde_xray_051	20241212_111414.jpg	1	Sde-C-0176-E	Sde-CMat_172	Chris Bird	sde_xray_051_bckgrnd-despeck-inv-scaled.tif												
202	52	sde_xray_052	20241212_113125.jpg	1	Sde-C-0002-E	Sde-CTlk_002	Chris Bird	sde_xray_052_bckgrnd-despeck-inv-scaled.tif					sde_landmarks2_052.csv	sde_photo_052_warped.tif						
203	52	sde_xray_052	20241212_113125.jpg	2	NA	Sde-ASac_093	Chris Bird	sde_xray_052_bckgrnd-despeck-inv-scaled.tif					sde_landmarks2_052.csv	sde_photo_052_warped.tif						
204	52	sde_xray_052	20241212_113125.jpg	3	Sde-C-0009-E	Sde-CTlk_009	Chris Bird	sde_xray_052_bckgrnd-despeck-inv-scaled.tif					sde_landmarks2_052.csv	sde_photo_052_warped.tif						
205	52	sde_xray_052	20241212_113125.jpg	4	NA	Sde-ASac_069	Chris Bird	sde_xray_052_bckgrnd-despeck-inv-scaled.tif					sde_landmarks2_052.csv	sde_photo_052_warped.tif						
206	53	sde_xray_053	20241212_113738.jpg	1	Sde-C-0014-E	Sde-CTlk_014	Chris Bird	sde_xray_053_bckgrnd-despeck-inv-scaled.tif												
207	53	sde_xray_053	20241212_113738.jpg	2	NA	Sde-ASac_091	Chris Bird	sde_xray_053_bckgrnd-despeck-inv-scaled.tif												
208	53	sde_xray_053	20241212_113738.jpg	3	Sde-C-0004-E	Sde-CTlk_004	Chris Bird	sde_xray_053_bckgrnd-despeck-inv-scaled.tif												
209	53	sde_xray_053	20241212_113738.jpg	4	NA	Sde-ASac_075	Chris Bird	sde_xray_053_bckgrnd-despeck-inv-scaled.tif												
210	54	sde_xray_054	20241212_114752.jpg	1	Sde-C-0041-E	Sde-CTlk_041	Chris Bird	sde_xray_054_bckgrnd-despeck-inv-scaled.tif												
211	54	sde_xray_054	20241212_114752.jpg	2	NA	Sde-ASac_090	Chris Bird	sde_xray_054_bckgrnd-despeck-inv-scaled.tif												
212	54	sde_xray_054	20241212_114752.jpg	3	Sde-C-0012-E	Sde-CTlk_012	Chris Bird	sde_xray_054_bckgrnd-despeck-inv-scaled.tif												
213	54	sde_xray_054	20241212_114752.jpg	4	NA	Sde-ASac_096	Chris Bird	sde_xray_054_bckgrnd-despeck-inv-scaled.tif												
214	55	sde_xray_055	20241212_115538.jpg	1	Sde-C-0013-E	Sde-CTlk_013	Chris Bird	sde_xray_055_bckgrnd-despeck-inv-scaled.tif												
215	55	sde_xray_055	20241212_115538.jpg	2	NA	Sde-ASac_095	Chris Bird	sde_xray_055_bckgrnd-despeck-inv-scaled.tif												
216	55	sde_xray_055	20241212_115538.jpg	3	Sde-C-0023-E	Sde-CTlk_023	Chris Bird	sde_xray_055_bckgrnd-despeck-inv-scaled.tif												
217	55	sde_xray_055	20241212_115538.jpg	4	NA	Sde-ASac_094	Chris Bird	sde_xray_055_bckgrnd-despeck-inv-scaled.tif												
218	56	sde_xray_056	20241212_131552.jpg	1	Sde-C-0026-E	Sde-CTlk_026	Chris Bird	sde_xray_056_bckgrnd-despeck-inv-scaled.tif												
219	56	sde_xray_056	20241212_131552.jpg	2	NA	Sde-ASac_067	Chris Bird	sde_xray_056_bckgrnd-despeck-inv-scaled.tif												
220	56	sde_xray_056	20241212_131552.jpg	3	Sde-C-0030-E	Sde-CTlk_030	Chris Bird	sde_xray_056_bckgrnd-despeck-inv-scaled.tif												
221	56	sde_xray_056	20241212_131552.jpg	4	NA	Sde-ASac_072	Chris Bird	sde_xray_056_bckgrnd-despeck-inv-scaled.tif												
222	57	sde_xray_057	20241212_131611.jpg	1	Sde-C-0024-E	Sde-CTlk_024	Chris Bird	sde_xray_057_bckgrnd-despeck-inv-scaled.tif												
223	57	sde_xray_057	20241212_131611.jpg	2	NA	Sde-ASac_092	Chris Bird	sde_xray_057_bckgrnd-despeck-inv-scaled.tif												
224	57	sde_xray_057	20241212_131611.jpg	3	Sde-C-0032-E	Sde-CTlk_032	Chris Bird	sde_xray_057_bckgrnd-despeck-inv-scaled.tif												
225	58	sde_xray_058	20241212_132339.jpg	1	Sde-C-0031-E	Sde-CTlk_031	Chris Bird	sde_xray_058_bckgrnd-despeck-inv-scaled.tif												
226	58	sde_xray_058	20241212_132339.jpg	2	NA	Sde-ASac_033	Chris Bird	sde_xray_058_bckgrnd-despeck-inv-scaled.tif												
227	58	sde_xray_058	20241212_132339.jpg	3	Sde-C-0022-E	Sde-CTlk_022	Chris Bird	sde_xray_058_bckgrnd-despeck-inv-scaled.tif												
228	58	sde_xray_058	20241212_132339.jpg	4	NA	Sde-ASac_011	Chris Bird	sde_xray_058_bckgrnd-despeck-inv-scaled.tif												
229	59	sde_xray_059	20241212_132917.jpg	1	Sde-C-0006-E	Sde-CTlk_006	Chris Bird	sde_xray_059_bckgrnd-despeck-inv-scaled.tif												
230	59	sde_xray_059	20241212_132917.jpg	2	NA	Sde-ASac_035	Chris Bird	sde_xray_059_bckgrnd-despeck-inv-scaled.tif												
231	59	sde_xray_059	20241212_132917.jpg	3	Sde-C-0028-E	Sde-CTlk_028	Chris Bird	sde_xray_059_bckgrnd-despeck-inv-scaled.tif												
232	59	sde_xray_059	20241212_132917.jpg	4	NA	Sde-ASac_030	Chris Bird	sde_xray_059_bckgrnd-despeck-inv-scaled.tif												
233	60	sde_xray_060	20241212_133703.jpg	1	Sde-C-0040-E	Sde-CTlk_040	Chris Bird	sde_xray_060_bckgrnd-despeck-inv-scaled.tif												
234	60	sde_xray_060	20241212_133703.jpg	2	NA	Sde-ASac_012	Chris Bird	sde_xray_060_bckgrnd-despeck-inv-scaled.tif												
235	60	sde_xray_060	20241212_133703.jpg	3	Sde-C-0017-E	Sde-CTlk_017	Chris Bird	sde_xray_060_bckgrnd-despeck-inv-scaled.tif												
236	60	sde_xray_060	20241212_133703.jpg	4	NA	Sde-ASac_028	Chris Bird	sde_xray_060_bckgrnd-despeck-inv-scaled.tif												
237	61	sde_xray_061	20241212_134035.jpg	1	Sde-C-0007-E	Sde-CTlk_007	Chris Bird	sde_xray_061_bckgrnd-despeck-inv-scaled.tif												
238	61	sde_xray_061	20241212_134035.jpg	2	NA	Sde-ASac_031	Chris Bird	sde_xray_061_bckgrnd-despeck-inv-scaled.tif												
239	61	sde_xray_061	20241212_134035.jpg	3	Sde-C-0046-E	Sde-CTlk_046	Chris Bird	sde_xray_061_bckgrnd-despeck-inv-scaled.tif												
240	61	sde_xray_061	20241212_134035.jpg	4	NA	Sde-ASac_024	Chris Bird	sde_xray_061_bckgrnd-despeck-inv-scaled.tif												
241	62	sde_xray_062	20241212_134717.jpg	1	Sde-C-0033-E	Sde-CTlk_033	Chris Bird	sde_xray_062_bckgrnd-despeck-inv-scaled.tif												
242	62	sde_xray_062	20241212_134717.jpg	2	NA	Sde-ASac_023	Chris Bird	sde_xray_062_bckgrnd-despeck-inv-scaled.tif												
243	62	sde_xray_062	20241212_134717.jpg	3	Sde-C-0047-E	Sde-CTlk_047	Chris Bird	sde_xray_062_bckgrnd-despeck-inv-scaled.tif												
244	62	sde_xray_062	20241212_134717.jpg	4	NA	Sde-ASac_027	Chris Bird	sde_xray_062_bckgrnd-despeck-inv-scaled.tif												
245	63	sde_xray_063	20241212_135051.jpg	1	Sde-C-0043-E	Sde-CTlk_043	Chris Bird	sde_xray_063_bckgrnd-despeck-inv-scaled.tif												
246	63	sde_xray_063	20241212_135051.jpg	2	NA	Sde-ASac_022	Chris Bird	sde_xray_063_bckgrnd-despeck-inv-scaled.tif												
247	63	sde_xray_063	20241212_135051.jpg	3	Sde-C-0050-E	Sde-CTlk_050	Chris Bird	sde_xray_063_bckgrnd-despeck-inv-scaled.tif												
248	63	sde_xray_063	20241212_135051.jpg	4	NA	Sde-ASac_018	Chris Bird	sde_xray_063_bckgrnd-despeck-inv-scaled.tif												
249	64	sde_xray_064	20241212_135938.jpg	1	Sde-C-0044-E	Sde-CTlk_044	Chris Bird	sde_xray_064_bckgrnd-despeck-inv-scaled.tif												
250	64	sde_xray_064	20241212_135938.jpg	2	NA	Sde-ASac_032	Chris Bird	sde_xray_064_bckgrnd-despeck-inv-scaled.tif												
251	64	sde_xray_064	20241212_135938.jpg	3	Sde-C-0035-E	Sde-CTlk_035	Chris Bird	sde_xray_064_bckgrnd-despeck-inv-scaled.tif												
252	64	sde_xray_064	20241212_135938.jpg	4	NA	Sde-ASac_029	Chris Bird	sde_xray_064_bckgrnd-despeck-inv-scaled.tif												
253	65	sde_xray_065	20241212_140108.jpg	1	Sde-C-0016-E	Sde-CTlk_016	Chris Bird	sde_xray_065_bckgrnd-despeck-inv-scaled.tif												
254	65	sde_xray_065	20241212_140108.jpg	2	NA	Sde-ASac_003	Chris Bird	sde_xray_065_bckgrnd-despeck-inv-scaled.tif												
255	65	sde_xray_065	20241212_140108.jpg	3	Sde-C-0042-E	Sde-CTlk_042	Chris Bird	sde_xray_065_bckgrnd-despeck-inv-scaled.tif												
256	65	sde_xray_065	20241212_140108.jpg	4	NA	Sde-ASac_034	Chris Bird	sde_xray_065_bckgrnd-despeck-inv-scaled.tif												
257	66	sde_xray_066	20241212_140704.jpg	1	Sde-C-0020-E	Sde-CTlk_020	Chris Bird	sde_xray_066_bckgrnd-despeck-inv-scaled.tif												
258	66	sde_xray_066	20241212_140704.jpg	2	NA	Sde-ASac_019	Chris Bird	sde_xray_066_bckgrnd-despeck-inv-scaled.tif												
259	66	sde_xray_066	20241212_140704.jpg	3	Sde-C-0008-E	Sde-CTlk_008	Chris Bird	sde_xray_066_bckgrnd-despeck-inv-scaled.tif												
260	66	sde_xray_066	20241212_140704.jpg	4	NA	Sde-ASac_021	Chris Bird	sde_xray_066_bckgrnd-despeck-inv-scaled.tif												
261	67	sde_xray_067	20241212_141315.jpg	1	Sde-C-0037-E	Sde-CTlk_037	Chris Bird	sde_xray_067_bckgrnd-despeck-inv-scaled.tif												
262	67	sde_xray_067	20241212_141315.jpg	2	NA	Sde-ASac_087	Chris Bird	sde_xray_067_bckgrnd-despeck-inv-scaled.tif												
263	67	sde_xray_067	20241212_141315.jpg	3	Sde-C-0045-E	Sde-CTlk_045	Chris Bird	sde_xray_067_bckgrnd-despeck-inv-scaled.tif												
264	67	sde_xray_067	20241212_141315.jpg	4	NA	Sde-ASac_004	Chris Bird	sde_xray_067_bckgrnd-despeck-inv-scaled.tif												
265	68	sde_xray_068	20241212_141946.jpg	1	Sde-C-0005-E	Sde-CTlk_005	Chris Bird	sde_xray_068_bckgrnd-despeck-inv-scaled.tif												
266	68	sde_xray_068	20241212_141946.jpg	2	NA	Sde-ASac_068	Chris Bird	sde_xray_068_bckgrnd-despeck-inv-scaled.tif												
267	68	sde_xray_068	20241212_141946.jpg	3	Sde-C-0010-E	Sde-CTlk_010	Chris Bird	sde_xray_068_bckgrnd-despeck-inv-scaled.tif												
268	68	sde_xray_068	20241212_141946.jpg	4	NA	Sde-ASac_046	Chris Bird	sde_xray_068_bckgrnd-despeck-inv-scaled.tif												
269	69	sde_xray_069	20241212_142528.jpg	1	Sde-C-0019-E	Sde-CTlk_019	Chris Bird	sde_xray_069_bckgrnd-despeck-inv-scaled.tif												
270	69	sde_xray_069	20241212_142528.jpg	2	NA	Sde-ASac_079	Chris Bird	sde_xray_069_bckgrnd-despeck-inv-scaled.tif												
271	69	sde_xray_069	20241212_142528.jpg	3	Sde-C-0049-E	Sde-CTlk_049	Chris Bird	sde_xray_069_bckgrnd-despeck-inv-scaled.tif												
272	69	sde_xray_069	20241212_142528.jpg	4	NA	Sde-ASac_081	Chris Bird	sde_xray_069_bckgrnd-despeck-inv-scaled.tif												
273	70	sde_xray_070	20241212_143154.jpg	1	Sde-C-0038-E	Sde-CTlk_038	Chris Bird	sde_xray_070_bckgrnd-despeck-inv-scaled.tif												
274	70	sde_xray_070	20241212_143154.jpg	2	NA	Sde-ASac_077	Chris Bird	sde_xray_070_bckgrnd-despeck-inv-scaled.tif												
275	70	sde_xray_070	20241212_143154.jpg	3	Sde-C-0001-E	Sde-CTlk_001	Chris Bird	sde_xray_070_bckgrnd-despeck-inv-scaled.tif												
276	70	sde_xray_070	20241212_143154.jpg	4	NA	Sde-ASac_037	Chris Bird	sde_xray_070_bckgrnd-despeck-inv-scaled.tif												
277	71	sde_xray_071	20241212_143806.jpg	1	Sde-C-0036-E	Sde-CTlk_036	Chris Bird	sde_xray_071_bckgrnd-despeck-inv-scaled.tif												
278	71	sde_xray_071	20241212_143806.jpg	2	NA	Sde-ASac_073	Chris Bird	sde_xray_071_bckgrnd-despeck-inv-scaled.tif												
279	71	sde_xray_071	20241212_143806.jpg	3	Sde-C-0015-E	Sde-CTlk_015	Chris Bird	sde_xray_071_bckgrnd-despeck-inv-scaled.tif												
280	71	sde_xray_071	20241212_143806.jpg	4	NA	Sde-ASac_038	Chris Bird	sde_xray_071_bckgrnd-despeck-inv-scaled.tif												
281	72	sde_xray_072	20241212_144310.jpg	1	Sde-C-0011-E	Sde-CTlk_011	Chris Bird	sde_xray_072_bckgrnd-despeck-inv-scaled.tif												
282	72	sde_xray_072	20241212_144310.jpg	2	NA	Sde-ASac_063	Chris Bird	sde_xray_072_bckgrnd-despeck-inv-scaled.tif												
283	72	sde_xray_072	20241212_144310.jpg	3	Sde-C-0025-E	Sde-CTlk_025	Chris Bird	sde_xray_072_bckgrnd-despeck-inv-scaled.tif												
284	72	sde_xray_072	20241212_144310.jpg	4	NA	Sde-ASac_049	Chris Bird	sde_xray_072_bckgrnd-despeck-inv-scaled.tif												
285	73	sde_xray_073	20241212_144801.jpg	1	Sde-C-0029-E	Sde-CTlk_029	Chris Bird	sde_xray_073_bckgrnd-despeck-inv-scaled.tif												
286	73	sde_xray_073	20241212_144801.jpg	2	NA	Sde-ASac_036	Chris Bird	sde_xray_073_bckgrnd-despeck-inv-scaled.tif												
287	73	sde_xray_073	20241212_144801.jpg	3	Sde-C-0021-E	Sde-CTlk_021	Chris Bird	sde_xray_073_bckgrnd-despeck-inv-scaled.tif												
288	73	sde_xray_073	20241212_144801.jpg	4	NA	Sde-ASac_050	Chris Bird	sde_xray_073_bckgrnd-despeck-inv-scaled.tif												
289	74	sde_xray_074	20241212_145222.jpg	1	Sde-C-0003-E	Sde-CTlk_003	Chris Bird	sde_xray_074_bckgrnd-despeck-inv-scaled.tif												
290	74	sde_xray_074	20241212_145222.jpg	2	NA	Sde-ASac_085	Chris Bird	sde_xray_074_bckgrnd-despeck-inv-scaled.tif												
291	74	sde_xray_074	20241212_145222.jpg	3	Sde-C-0027-E	Sde-CTlk_027	Chris Bird	sde_xray_074_bckgrnd-despeck-inv-scaled.tif												
292	74	sde_xray_074	20241212_145222.jpg	4	NA	Sde-ASac_062	Chris Bird	sde_xray_074_bckgrnd-despeck-inv-scaled.tif												
293	75	sde_xray_075	20241212_145735.jpg	1	Sde-C-0018-E	Sde-CTlk_018	Chris Bird	sde_xray_075_bckgrnd-despeck-inv-scaled.tif												
294	75	sde_xray_075	20241212_145735.jpg	2	NA	Sde-ASac_086	Chris Bird	sde_xray_075_bckgrnd-despeck-inv-scaled.tif												
295	75	sde_xray_075	20241212_145735.jpg	3	Sde-C-0048-E	Sde-CTlk_048	Chris Bird	sde_xray_075_bckgrnd-despeck-inv-scaled.tif												
296	75	sde_xray_075	20241212_145735.jpg	4	NA	Sde-ASac_084	Chris Bird	sde_xray_075_bckgrnd-despeck-inv-scaled.tif												
297	76	sde_xray_076	20241212_150415.jpg	1	Sde-C-0039-E	Sde-CTlk_039	Chris Bird	sde_xray_076_bckgrnd-despeck-inv-scaled.tif												
298	76	sde_xray_076	20241212_150415.jpg	2	NA	Sde-ASac_083	Chris Bird	sde_xray_076_bckgrnd-despeck-inv-scaled.tif												
299	76	sde_xray_076	20241212_150415.jpg	3	Sde-C-0034-E	Sde-CTlk_034	Chris Bird	sde_xray_076_bckgrnd-despeck-inv-scaled.tif												
300	76	sde_xray_076	20241212_150415.jpg	4	NA	Sde-ASac_074	Chris Bird	sde_xray_076_bckgrnd-despeck-inv-scaled.tif												
301	77	sde_xray_077	20241212_151054.jpg	1	Sde-C-0052-E	Sde-CTlk_052	Chris Bird	sde_xray_077_bckgrnd-despeck-inv-scaled.tif												
302	77	sde_xray_077	20241212_151054.jpg	2	NA	Sde-ASac_080	Chris Bird	sde_xray_077_bckgrnd-despeck-inv-scaled.tif												
303	77	sde_xray_077	20241212_151054.jpg	3	Sde-C-0078-E	Sde-CTlk_078	Chris Bird	sde_xray_077_bckgrnd-despeck-inv-scaled.tif												
304	77	sde_xray_077	20241212_151054.jpg	4	NA	Sde-ASac_009	Chris Bird	sde_xray_077_bckgrnd-despeck-inv-scaled.tif												
305	78	sde_xray_078	20241212_151459.jpg	1	Sde-C-0100-E	Sde-CTlk_100	Chris Bird	sde_xray_078_bckgrnd-despeck-inv-scaled.tif												
306	78	sde_xray_078	20241212_151459.jpg	2	NA	Sde-ASac_078	Chris Bird	sde_xray_078_bckgrnd-despeck-inv-scaled.tif												
307	78	sde_xray_078	20241212_151459.jpg	3	Sde-C-0083-E	Sde-CTlk_083	Chris Bird	sde_xray_078_bckgrnd-despeck-inv-scaled.tif												
308	78	sde_xray_078	20241212_151459.jpg	4	NA	Sde-ASac_040	Chris Bird	sde_xray_078_bckgrnd-despeck-inv-scaled.tif												
309	79	sde_xray_079	20241212_151948.jpg	1	Sde-C-0084-E	Sde-CTlk_084	Chris Bird	sde_xray_079_bckgrnd-despeck-inv-scaled.tif												
310	79	sde_xray_079	20241212_151948.jpg	2	NA	Sde-ASac_006	Chris Bird	sde_xray_079_bckgrnd-despeck-inv-scaled.tif												
311	79	sde_xray_079	20241212_151948.jpg	3	Sde-C-0062-E	Sde-CTlk_062	Chris Bird	sde_xray_079_bckgrnd-despeck-inv-scaled.tif												
312	79	sde_xray_079	20241212_151948.jpg	4	NA	Sde-ASac_089	Chris Bird	sde_xray_079_bckgrnd-despeck-inv-scaled.tif												
313	80	sde_xray_080	20241212_152413.jpg	1	Sde-C-0056-E	Sde-CTlk_056	Chris Bird	sde_xray_080_bckgrnd-despeck-inv-scaled.tif												
314	80	sde_xray_080	20241212_152413.jpg	2	NA	Sde-ASac_082	Chris Bird	sde_xray_080_bckgrnd-despeck-inv-scaled.tif												
315	80	sde_xray_080	20241212_152413.jpg	3	Sde-C-0097-E	Sde-CTlk_097	Chris Bird	sde_xray_080_bckgrnd-despeck-inv-scaled.tif												
316	80	sde_xray_080	20241212_152413.jpg	4	NA	Sde-ASac_071	Chris Bird	sde_xray_080_bckgrnd-despeck-inv-scaled.tif												
317	81	sde_xray_081	20241212_152750.jpg	1	Sde-C-0088-E	Sde-CTlk_088	Chris Bird	sde_xray_081_bckgrnd-despeck-inv-scaled.tif												
318	81	sde_xray_081	20241212_152750.jpg	2	NA	Sde-ASac_017	Chris Bird	sde_xray_081_bckgrnd-despeck-inv-scaled.tif												
319	81	sde_xray_081	20241212_152750.jpg	3	Sde-C-0064-E	Sde-CTlk_064	Chris Bird	sde_xray_081_bckgrnd-despeck-inv-scaled.tif												
320	81	sde_xray_081	20241212_152750.jpg	4	NA	Sde-ASac_070	Chris Bird	sde_xray_081_bckgrnd-despeck-inv-scaled.tif												
321	82	sde_xray_082	20241212_153134.jpg	1	Sde-C-0057-E	Sde-CTlk_057	Chris Bird	sde_xray_082_bckgrnd-despeck-inv-scaled.tif												
322	82	sde_xray_082	20241212_153134.jpg	2	NA	Sde-ASac_026	Chris Bird	sde_xray_082_bckgrnd-despeck-inv-scaled.tif												
323	82	sde_xray_082	20241212_153134.jpg	3	Sde-C-0092-E	Sde-CTlk_092	Chris Bird	sde_xray_082_bckgrnd-despeck-inv-scaled.tif												
324	82	sde_xray_082	20241212_153134.jpg	4	NA	Sde-ASac_008	Chris Bird	sde_xray_082_bckgrnd-despeck-inv-scaled.tif												
325	83	sde_xray_083	20241212_153759.jpg	1	Sde-C-0054-E	Sde-CTlk_054	Chris Bird	sde_xray_083_bckgrnd-despeck-inv-scaled.tif												
326	83	sde_xray_083	20241212_153759.jpg	2	NA	Sde-ASac_076	Chris Bird	sde_xray_083_bckgrnd-despeck-inv-scaled.tif												
327	83	sde_xray_083	20241212_153759.jpg	3	Sde-C-0081-E	Sde-CTlk_081	Chris Bird	sde_xray_083_bckgrnd-despeck-inv-scaled.tif												
328	83	sde_xray_083	20241212_153759.jpg	4	NA	Sde-ASac_047	Chris Bird	sde_xray_083_bckgrnd-despeck-inv-scaled.tif												
329	84	sde_xray_084	20241212_154746.jpg	1	Sde-C-0094-E	Sde-CTlk_094	Chris Bird	sde_xray_084_bckgrnd-despeck-inv-scaled.tif												
330	84	sde_xray_084	20241212_154746.jpg	2	NA	Sde-ASac_048	Chris Bird	sde_xray_084_bckgrnd-despeck-inv-scaled.tif												
331	84	sde_xray_084	20241212_154746.jpg	3	Sde-C-0075-E	Sde-CTlk_075	Chris Bird	sde_xray_084_bckgrnd-despeck-inv-scaled.tif												
332	84	sde_xray_084	20241212_154746.jpg	4	NA	Sde-ASac_061	Chris Bird	sde_xray_084_bckgrnd-despeck-inv-scaled.tif												
333	85	sde_xray_085	20241212_154908.jpg	1	Sde-C-0063-E	Sde-CTlk_063	Chris Bird	sde_xray_085_bckgrnd-despeck-inv-scaled.tif												
334	85	sde_xray_085	20241212_154908.jpg	2	NA	Sde-ASac_041	Chris Bird	sde_xray_085_bckgrnd-despeck-inv-scaled.tif												
335	85	sde_xray_085	20241212_154908.jpg	3	Sde-C-0096-E	Sde-CTlk_096	Chris Bird	sde_xray_085_bckgrnd-despeck-inv-scaled.tif												
336	85	sde_xray_085	20241212_154908.jpg	4	NA	Sde-ASac_088	Chris Bird	sde_xray_085_bckgrnd-despeck-inv-scaled.tif												
337	86	sde_xray_086	20241212_155147.jpg	1	Sde-C-0076-E	Sde-CTlk_076	Chris Bird	sde_xray_086_bckgrnd-despeck-inv-scaled.tif												
338	86	sde_xray_086	20241212_155147.jpg	2	NA	Sde-ASac_043	Chris Bird	sde_xray_086_bckgrnd-despeck-inv-scaled.tif												
339	86	sde_xray_086	20241212_155147.jpg	3	Sde-C-0090-E	Sde-CTlk_090	Chris Bird	sde_xray_086_bckgrnd-despeck-inv-scaled.tif												
340	86	sde_xray_086	20241212_155147.jpg	4	NA	Sde-ASac_025	Chris Bird	sde_xray_086_bckgrnd-despeck-inv-scaled.tif												
341	87	sde_xray_087	20241212_155712.jpg	1	Sde-C-0067-E	Sde-CTlk_067	Chris Bird	sde_xray_087_bckgrnd-despeck-inv-scaled.tif												
342	87	sde_xray_087	20241212_155712.jpg	2	NA	Sde-ASac_005	Chris Bird	sde_xray_087_bckgrnd-despeck-inv-scaled.tif												
343	87	sde_xray_087	20241212_155712.jpg	3	Sde-C-0086-E	Sde-CTlk_086	Chris Bird	sde_xray_087_bckgrnd-despeck-inv-scaled.tif												
344	87	sde_xray_087	20241212_155712.jpg	4	NA	Sde-ASac_056	Chris Bird	sde_xray_087_bckgrnd-despeck-inv-scaled.tif												
345	88	sde_xray_088	20241212_160131.jpg	1	Sde-C-0070-E	Sde-CTlk_070	Chris Bird	sde_xray_088_bckgrnd-despeck-inv-scaled.tif												
346	88	sde_xray_088	20241212_160131.jpg	2	NA	Sde-ASac_055	Chris Bird	sde_xray_088_bckgrnd-despeck-inv-scaled.tif												
347	88	sde_xray_088	20241212_160131.jpg	3	Sde-C-0069-E	Sde-CTlk_069	Chris Bird	sde_xray_088_bckgrnd-despeck-inv-scaled.tif												
348	88	sde_xray_088	20241212_160131.jpg	4	NA	Sde-ASac_053	Chris Bird	sde_xray_088_bckgrnd-despeck-inv-scaled.tif												
349	89	sde_xray_089	20241212_160626.jpg	1	Sde-C-0053-E	Sde-CTlk_053	Chris Bird	sde_xray_089_bckgrnd-despeck-inv-scaled.tif												
350	89	sde_xray_089	20241212_160626.jpg	2	NA	Sde-ASac_014	Chris Bird	sde_xray_089_bckgrnd-despeck-inv-scaled.tif												
351	89	sde_xray_089	20241212_160626.jpg	3	Sde-C-0099-E	Sde-CTlk_099	Chris Bird	sde_xray_089_bckgrnd-despeck-inv-scaled.tif												
352	89	sde_xray_089	20241212_160626.jpg	4	NA	Sde-ASac_013	Chris Bird	sde_xray_089_bckgrnd-despeck-inv-scaled.tif												
353	90	sde_xray_090	20241212_161032.jpg	1	Sde-C-0082-E	Sde-CTlk_082	Chris Bird	sde_xray_090_bckgrnd-despeck-inv-scaled.tif												
354	90	sde_xray_090	20241212_161032.jpg	2	NA	Sde-ASac_045	Chris Bird	sde_xray_090_bckgrnd-despeck-inv-scaled.tif												
355	90	sde_xray_090	20241212_161032.jpg	3	Sde-C-0098-E	Sde-CTlk_098	Chris Bird	sde_xray_090_bckgrnd-despeck-inv-scaled.tif												
356	90	sde_xray_090	20241212_161032.jpg	4	NA	Sde-ASac_007	Chris Bird	sde_xray_090_bckgrnd-despeck-inv-scaled.tif												
357	91	sde_xray_091	20241212_161411.jpg	1	Sde-C-0072-E	Sde-CTlk_072	Chris Bird	sde_xray_091_bckgrnd-despeck-inv-scaled.tif												
358	91	sde_xray_091	20241212_161411.jpg	2	NA	Sde-ASac_054	Chris Bird	sde_xray_091_bckgrnd-despeck-inv-scaled.tif												
359	91	sde_xray_091	20241212_161411.jpg	3	Sde-C-0065-E	Sde-CTlk_065	Chris Bird	sde_xray_091_bckgrnd-despeck-inv-scaled.tif												
360	91	sde_xray_091	20241212_161411.jpg	4	NA	Sde-ASac_016	Chris Bird	sde_xray_091_bckgrnd-despeck-inv-scaled.tif												
361	92	sde_xray_092	20241212_161831.jpg	1	Sde-C-0066-E	Sde-CTlk_066	Chris Bird	sde_xray_092_bckgrnd-despeck-inv-scaled.tif												
362	92	sde_xray_092	20241212_161831.jpg	2	NA	Sde-ASac_052	Chris Bird	sde_xray_092_bckgrnd-despeck-inv-scaled.tif												
363	92	sde_xray_092	20241212_161831.jpg	3	Sde-C-0060-E	Sde-CTlk_060	Chris Bird	sde_xray_092_bckgrnd-despeck-inv-scaled.tif												
364	92	sde_xray_092	20241212_161831.jpg	4	NA	Sde-ASac_058	Chris Bird	sde_xray_092_bckgrnd-despeck-inv-scaled.tif												
365	93	sde_xray_093	20241212_162424.jpg	1	Sde-C-0061-E	Sde-CTlk_061	Chris Bird	sde_xray_093_bckgrnd-despeck-inv-scaled.tif												
366	93	sde_xray_093	20241212_162424.jpg	2	NA	Sde-ASac_065	Chris Bird	sde_xray_093_bckgrnd-despeck-inv-scaled.tif												
367	93	sde_xray_093	20241212_162424.jpg	3	Sde-C-0089-E	Sde-CTlk_089	Chris Bird	sde_xray_093_bckgrnd-despeck-inv-scaled.tif												
368	93	sde_xray_093	20241212_162424.jpg	4	NA	Sde-ASac_020	Chris Bird	sde_xray_093_bckgrnd-despeck-inv-scaled.tif												
369	94	sde_xray_094	20241212_162528.jpg	1	Sde-C-0085-E	Sde-CTlk_085	Chris Bird	sde_xray_094_bckgrnd-despeck-inv-scaled.tif												
370	94	sde_xray_094	20241212_162528.jpg	2	NA	Sde-ASac_002	Chris Bird	sde_xray_094_bckgrnd-despeck-inv-scaled.tif												
371	94	sde_xray_094	20241212_162528.jpg	3	Sde-C-0087-E	Sde-CTlk_087	Chris Bird	sde_xray_094_bckgrnd-despeck-inv-scaled.tif												
372	94	sde_xray_094	20241212_162528.jpg	4	NA	Sde-ASac_015	Chris Bird	sde_xray_094_bckgrnd-despeck-inv-scaled.tif												
373	95	sde_xray_095	20241212_162921.jpg	1	Sde-C-0079-E	Sde-CTlk_079	Chris Bird	sde_xray_095_bckgrnd-despeck-inv-scaled.tif												
374	95	sde_xray_095	20241212_162921.jpg	2	NA	Sde-ASac_010	Chris Bird	sde_xray_095_bckgrnd-despeck-inv-scaled.tif												
375	95	sde_xray_095	20241212_162921.jpg	3	Sde-C-0059-E	Sde-CTlk_059	Chris Bird	sde_xray_095_bckgrnd-despeck-inv-scaled.tif												
376	95	sde_xray_095	20241212_162921.jpg	4	NA	Sde-ASac_064	Chris Bird	sde_xray_095_bckgrnd-despeck-inv-scaled.tif												
377	96	sde_xray_096	20241212_163405.jpg	1	Sde-C-0080-E	Sde-CTlk_080	Chris Bird	sde_xray_096_bckgrnd-despeck-inv-scaled.tif												
378	96	sde_xray_096	20241212_163405.jpg	2	NA	Sde-ASac_060	Chris Bird	sde_xray_096_bckgrnd-despeck-inv-scaled.tif												
379	96	sde_xray_096	20241212_163405.jpg	3	Sde-C-0071-E	Sde-CTlk_071	Chris Bird	sde_xray_096_bckgrnd-despeck-inv-scaled.tif												
380	96	sde_xray_096	20241212_163405.jpg	4	NA	Sde-ASac_051	Chris Bird	sde_xray_096_bckgrnd-despeck-inv-scaled.tif												
381	97	sde_xray_097	20241212_163810.jpg	1	Sde-C-0077-E	Sde-CTlk_077	Chris Bird	sde_xray_097_bckgrnd-despeck-inv-scaled.tif												
382	97	sde_xray_097	20241212_163810.jpg	2	NA	Sde-ASac_060	Chris Bird	sde_xray_097_bckgrnd-despeck-inv-scaled.tif												
383	97	sde_xray_097	20241212_163810.jpg	3	Sde-C-0095-E	Sde-CTlk_095	Chris Bird	sde_xray_097_bckgrnd-despeck-inv-scaled.tif												
384	97	sde_xray_097	20241212_163810.jpg	4	NA	Sde-ASac_051	Chris Bird	sde_xray_097_bckgrnd-despeck-inv-scaled.tif												
385	98	sde_xray_098	20241212_164136.jpg	1	Sde-C-0074-E	Sde-CTlk_074	Chris Bird	sde_xray_098_bckgrnd-despeck-inv-scaled.tif												
386	98	sde_xray_098	20241212_164136.jpg	2	NA	Sde-ASac_001	Chris Bird	sde_xray_098_bckgrnd-despeck-inv-scaled.tif												
387	98	sde_xray_098	20241212_164136.jpg	3	Sde-C-0073-E	Sde-CTlk_073	Chris Bird	sde_xray_098_bckgrnd-despeck-inv-scaled.tif												
388	98	sde_xray_098	20241212_164136.jpg	4	NA	Sde-ASac_039	Chris Bird	sde_xray_098_bckgrnd-despeck-inv-scaled.tif												
389	99	sde_xray_099	20241212_164609.jpg	1	Sde-C-0068-E	Sde-CTlk_068	Chris Bird	sde_xray_099_bckgrnd-despeck-inv-scaled.tif												
390	99	sde_xray_099	20241212_164609.jpg	2	NA	Sde-ASac_057	Chris Bird	sde_xray_099_bckgrnd-despeck-inv-scaled.tif												
391	99	sde_xray_099	20241212_164609.jpg	3	Sde-C-0091-E	Sde-CTlk_091	Chris Bird	sde_xray_099_bckgrnd-despeck-inv-scaled.tif												
392	99	sde_xray_099	20241212_164609.jpg	4	NA	Sde-ASac_066	Chris Bird	sde_xray_099_bckgrnd-despeck-inv-scaled.tif												
393	100	sde_xray_100	20241212_164935.jpg	1	Sde-C-0058-E	Sde-CTlk_058	Chris Bird	sde_xray_100_bckgrnd-despeck-inv-scaled.tif												
394	100	sde_xray_100	20241212_164935.jpg	2	Sde-C-0093-E	Sde-CTlk_093	Chris Bird	sde_xray_100_bckgrnd-despeck-inv-scaled.tif												
395	100	sde_xray_100	20241212_164935.jpg	3	Sde-C-0051-E	Sde-CTlk_051	Chris Bird	sde_xray_100_bckgrnd-despeck-inv-scaled.tif												
396	100	sde_xray_100	20241212_164935.jpg	4	NA	Sde-ASac_059	Chris Bird	sde_xray_100_bckgrnd-despeck-inv-scaled.tif												
397	100	sde_xray_100	20241212_164935.jpg	5	Sde-C-0055-E	Sde-CTlk_055	Chris Bird	sde_xray_100_bckgrnd-despeck-inv-scaled.tif												
